<?xml version="1.0" encoding="UTF-8"?>
<beans:beans
   xmlns="http://www.springframework.org/schema/mvc"
   xmlns:xsi="http://www.w3.org/2001/XMLSchema-instance"
   xmlns:beans="http://www.springframework.org/schema/beans"
   xmlns:context="http://www.springframework.org/schema/context"
   xmlns:tx="http://www.springframework.org/schema/tx"
   xsi:schemaLocation="http://www.springframework.org/schema/mvc https://www.springframework.org/schema/mvc/spring-mvc.xsd
      http://www.springframework.org/schema/beans https://www.springframework.org/schema/beans/spring-beans.xsd
      http://www.springframework.org/schema/context https://www.springframework.org/schema/context/spring-context.xsd
      http://www.springframework.org/schema/tx http://www.springframework.org/schema/tx/spring-tx.xsd">

   <!-- 애너테이션 드리븐 설정 -->
   <annotation-driven />

   <!-- 리소스 폴더 매핑 설정 -->
   <resources mapping="/resources/**" location="/resources/" />

   <!-- 뷰 리졸버 설정 -->
   <beans:bean
      class="org.springframework.web.servlet.view.InternalResourceViewResolver">
      <beans:property name="prefix" value="/WEB-INF/views/" />
      <beans:property name="suffix" value=".jsp" />
   </beans:bean>

   <!-- 파일 업로드를 위한 MultipartResolver 설정 -->
   <beans:bean id="multipartResolver"
      class="org.springframework.web.multipart.commons.CommonsMultipartResolver">
      <beans:property name="maxUploadSize" value="100000000000" />
      <beans:property name="defaultEncoding" value="utf-8" />
      <beans:property name="uploadTempDir" ref="uploadDirResource" />
   </beans:bean>

   <beans:bean id="uploadDirResource"
      class="org.springframework.core.io.FileSystemResource">
      <beans:constructor-arg value="c:/upload/" />
   </beans:bean>

   <!-- Database 사용하려고 Mysql dataSource 설정 -->
   <beans:bean id="dataSource"
      class="org.springframework.jdbc.datasource.DriverManagerDataSource">
      <beans:property name="driverClassName"
         value="com.mysql.cj.jdbc.Driver" />
      <beans:property name="url"
         value="jdbc:mysql://localhost:3306/changwonPP?serverTimezone=UTC" />
      <beans:property name="username" value="root" />
      <beans:property name="password" value="1234" />
   </beans:bean>
   <beans:bean id="jdbcTemplate"
      class="org.springframework.jdbc.core.JdbcTemplate">
      <beans:property name="dataSource" ref="dataSource" />
   </beans:bean>
   
 
   <beans:bean id="transactionManager" class="org.springframework.jdbc.datasource.DataSourceTransactionManager">
    <beans:property name="dataSource" ref="dataSource" />
   </beans:bean>
   
   <tx:annotation-driven/>

   <!-- 컴포넌트 스캔 설정 -->
   <context:component-scan
      base-package="com.changwonPP.*" />

</beans:beans>